sub,category
/r/Cats,General Cats
/r/IllegallySmolCats,General Cats
/r/Kitty,General Cats
/r/FromKittenToCat,General Cats
/r/SleepingCats,General Cats
/r/SuspiciousKitties,General Cats
/r/SadCats,General Cats
/r/goodcats,General Cats
/r/pimpcats,General Cats
/r/notmycat,General Cats
/r/scrungycats,General Cats
/r/Medieval_Cats,General Cats
/r/Kitten,General Cats
/r/IllegallyBigCats,General Cats
/r/GrumpyCats,General Cats
/r/WetCats,General Cats
/r/Displeased_Kitties,General Cats
/r/CatsCalledFood,General Cats
/r/PirateKitties,General Cats
/r/C_AT,General Cats
/r/fatcats,General Cats
/r/nowmycat,General Cats
/r/AdorableCats,General Cats
/r/CatSpotting,General Cats
/r/IllegallyLongCats,General Cats
/r/TruckerCats,General Cats
/r/SeniorCats,General Cats
/r/FluffyCats,General Cats
/r/catshuggingcats,General Cats
/r/meowormyson,General Cats
/r/thisismylifemeow,General Cats
/r/divorcedcats,General Cats
/r/ChristmasCats,General Cats
/r/AliveNamedCats,General Cats
/r/CatPics,Cat Media
/r/CatPictures,Cat Media
/r/KittenGifs,Cat Media
/r/upclosecatpictures,Cat Media
/r/CatGifs,Cat Media
/r/SupermodelCats,Cat Media
/r/60fpscats,Cat Media
/r/ProShotCats/,Cat Media
/r/catvideos,Cat Media
/r/Catwallpapers,Cat Media
/r/blurrypicturesofcats,Cat Media
/r/CatReactionGifs,Cat Media
/r/CatsStandingUp,Cats Being Cats
/r/WhatsWrongWithYourCat,Cats Being Cats
/r/CatsLookingSeductive,Cats Being Cats
/r/SneezingCats,Cats Being Cats
/r/CatsFallingOffOfStuff,Cats Being Cats
/r/catsarefuckingstupid,Cats Being Cats
/r/Hovercat,Cats Being Cats
/r/purrkour,Cats Being Cats
/r/KittyHugs,Cats Being Cats
/r/BarnCat,Cats Being Cats
/r/scrungycats,Cats Being Cats
/r/FearlessCats,Cats Being Cats
/r/catsdoinganything,Cats Being Cats
/r/CKTOT,Cats Being Cats
/r/catculations,Cats Being Cats
/r/catsbeingcats,Cats Being Cats
/r/CatsVsThemselves,Cats Being Cats
/r/catsyawning,Cats Being Cats
/r/WhyCatHowCat,Cats Being Cats
/r/learningtocat,Cats Being Cats
/r/CatsMakingFaces,Cats Being Cats
/r/CatsSittingDown,Cats Being Cats
/r/HoldMyCatnip,Cats Being Cats
/r/CatConspiracy,Cats Being Cats
/r/catlogic,Cats Being Cats
/r/FierceCats,Cats Being Cats
/r/catsbeingbros,Cats Being Cats
/r/LazyCats,Cats Being Cats
/r/DrillCats,Cats Being Cats
/r/CatsHiding,Cats Being Cats
/r/kneadycats,Cats Being Cats
/r/CatKicks,Cats Being Cats
/r/CatsAreMetal,Cats Being Cats
/r/catfreakouts,Cats Being Cats
/r/catburnouts/,Cats Being Cats
/r/catplops,Cats Being Cats
/r/catsbeingderps,Cats Being Cats
/r/catwiggle,Cats Being Cats
/r/CatsBeingAdorable,Cats Being Cats
/r/treadmilling,Cats Being Cats
/r/Copycats,Cats Being Cats
/r/catplops,Cats Being Cats
/r/thecatdimension,Cats Being Cats
/r/StartledCats,Cats Being Cats
/r/CatsAreAssholes,Cats Being Cats
/r/Chonkers,Cats Being Cats
/r/CatWiggle,Cats Being Cats
/r/BobbleHeadCats,Cats Being Cats
/r/groomycat,Cats Being Cats
/r/InterruptingCats,Cats Being Cats
/r/BadassCats,Cats Being Cats
/r/holdmynip,Cats Being Cats
/r/Patounes,Cats Being Cats
/r/ottercats,Cats Being Cats
/r/MildlyStartledCats,Cats Being Cats
/r/greebles,Cats Being Cats
/r/catsareliquid,Cats Being Cats
/r/CatsJumping,Cats Being Cats
/r/longcats,Cats Being Cats
/r/CatsAreAliens,Cats Being Cats
/r/CatsFailingJumps,Cats Being Cats
/r/CatsStaringAtThings,Cats Being Cats
/r/CatsBeingSmart,Cats Being Cats
/r/CatLoaf,Cats in Shapes
/r/shrimping,Cats in Shapes
/r/AussieLoaf,Cats in Shapes
/r/BlepLoaf,Cats in Shapes
/r/KittyTailWrap,Cats in Shapes
/r/burntloaves,Cats in Shapes
/r/headplops,Cats in Shapes
/r/Frankencatting,Cats in Shapes
/r/Catbun,Cats in Shapes
/r/catcircles,Cats in Shapes
/r/GeometricCats,Cats in Shapes
/r/catsareliquid,Cats in Shapes
/r/purrito,Cats in Shapes
/r/catrolls,Cats in Shapes
/r/CatFaceplant,Cats in Shapes
/r/AwkwardlySittingCats,Cats in Shapes
/r/KittyHasAQuestion,Cats in Shapes
/r/noodlebones,Cats in Shapes
/r/Catbaguette,Cats in Shapes
/r/catfruit,Cats in Shapes
/r/StretchingCats,Cats in Shapes
/r/UpsideDownCats/,Cats in Shapes
/r/KittenYoga,Cats in Shapes
/r/CatBellies,Cat Body Parts
/r/curledfeetsies,Cat Body Parts
/r/airplaneears,Cat Body Parts
/r/JellybeanToes,Cat Body Parts
/r/SneakyPaws,Cat Body Parts
/r/PeanutWhiskers,Cat Body Parts
/r/attackeyes,Cat Body Parts
/r/fangies,Cat Body Parts
/r/catfeets,Cat Body Parts
/r/CatsWithEyebrows,Cat Body Parts
/r/CatsWithLips,Cat Body Parts
/r/toefeathers,Cat Body Parts
/r/PointyTailedKittens,Cat Body Parts
/r/MustacheCats,Cat Body Parts
/r/buttelevator,Cat Body Parts
/r/Blep,Cat Body Parts
/r/straightenedfeetsies,Cat Body Parts
/r/bottlebrush,Cat Body Parts
/r/ThumbCats,Cat Body Parts
/r/LaserEyedCats,Cat Body Parts
/r/WhiskerFireworks,Cat Body Parts
/r/murdermittens,Cat Body Parts
/r/crosseyedcats,Cat Body Parts
/r/pinknosedcats,Cat Body Parts
/r/MeowserTrowsers,Cat Body Parts
/r/PouchCatatoes,Cat Body Parts
/r/EyelinerCats,Cat Body Parts
/r/noseycat,Cat Body Parts
/r/CatsWithOpenMouths,Cat Body Parts
/r/mlem,Cat Body Parts
/r/boopablenosies,Cat Body Parts
/r/kittykankles,Cat Body Parts
/r/Teefies,Cat Body Parts
/r/Floof,Cat Body Parts
/r/Stealthbombers,Cat Body Parts
/r/sandpaperkisses,Cat Body Parts
/r/catswithnotails,Cat Body Parts
/r/catswithsocks,Cat Body Parts
/r/catears,Cat Body Parts
/r/snifflers,Cat Body Parts
/r/wigglyears,Cat Body Parts
/r/PicsOfCatButtholes,Cat Body Parts
/r/earscritches,Cat Body Parts
/r/CatsWhoYell,Cats Making Noises
/r/CatsWhoTrill,Cats Making Noises
/r/catvoice,Cats Making Noises
/r/CatsWhoBeep,Cats Making Noises
/r/perfectlycutmeows,Cats Making Noises
/r/activationsound,Cats Making Noises
/r/PianoCats,Cats Making Noises
/r/micromew,Cats Making Noises
/r/CatsWhoSqueak,Cats Making Noises
/r/CatsWhoWhisper,Cats Making Noises
/r/noisycats,Cats Making Noises
/r/kittenswhoyell,Cats Making Noises
/r/CatsWhoQuack,Cats Making Noises
/r/catswhosmoke,Cats Making Noises
/r/LongMeow,Cats Making Noises
/r/CreepyMeows,Cats Making Noises
/r/CatsWhoChirp,Cats Making Noises
/r/CatsWhoConverse,Cats Making Noises
/r/motorboat,Cats Making Noises
/r/catswhospeaksoftly,Cats Making Noises
/r/CatsWhoHonk,Cats Making Noises
/r/catswhocroak,Cats Making Noises
/r/AutoTunedCatFarts,Cats Making Noises
/r/CatsISUOTTATFO,Cats with Things
/r/catslaps,Cats with Things
/r/CatsOnPizza,Cats with Things
/r/CatsvsTechnology,Cats with Things
/r/CatMechanics,Cats with Things
/r/CatsOnGlass,Cats with Things
/r/CatsInTrees,Cats with Things
/r/CatsEatingDinner,Cats with Things
/r/CatsStaringAtWalls,Cats with Things
/r/CatsOnComputers,Cats with Things
/r/CatFortPics,Cats with Things
/r/CatsPlayingMTG,Cats with Things
/r/CatsInLaundry,Cats with Things
/r/CatScans,Cats with Things
/r/CatsOnRouters,Cats with Things
/r/eggcats,Cats with Things
/r/catsfallingintowater,Cats with Things
/r/Catscarryingstuff,Cats with Things
/r/catsonbabyfurniture,Cats with Things
/r/TheCatTrapIsWorking,Cats with Things
/r/cattaps,Cats with Things
/r/CatsInBoxes,Cats with Things
/r/camerabonks,Cats with Things
/r/IfIFitsISits,Cats with Things
/r/TuckedInKitties,Cats with Things
/r/CatsInChristmasTrees,Cats with Things
/r/CatsRidingRoombas,Cats with Things
/r/KittiesOnKeyboards,Cats with Things
/r/Catfort,Cats with Things
/r/faucetcats,Cats with Things
/r/CatsStuckInThings,Cats with Things
/r/BodegaCats,Cats with Things
/r/CatsPlayingDnd,Cats with Things
/r/CatsAndGuns,Cats with Things
/r/CatsInBlinds,Cats with Things
/r/CatsHoldingThings,Cats with Things
/r/FurnitureForCats,Cats with Things
/r/CatBees,Cats with Things
/r/CatsInSinks,Cats with Things
/r/CatsBeingBanks,Cats with Things
/r/CatsinAmazonBoxes,Cats with Things
/r/CatsInWaterPackages,Cats with Things
/r/CatsWithBacon,Cats with Things
/r/CemeteryCats,Cats with Things
/r/PottedCats,Cats with Things
/r/TouchThaFishy,Cats with Things
/r/CatsAndPlants,Cats with Things
/r/KeyboardCat,Cats with Things
/r/CatsHuggingThings,Cats with Things
/r/CatsSmellingThings,Cats with Things
/r/CatsOnKeyboards,Cats with Things
/r/CatsInSuitcases,Cats with Things
/r/BagCat,Cats with Things
/r/CatsCarryingStuffies,Cats with Things
/r/hydrokitties,Cats with Things
/r/CatBagFreakouts,Cats with Things
/r/CatPillows,Cats with Things
/r/catsoncats,Cats with Other Animals
/r/StolenDogBeds,Cats with Other Animals
/r/DogsSittingOnCats,Cats with Other Animals
/r/CatsRidingDogs,Cats with Other Animals
/r/CatsAndDogs,Cats with Other Animals
/r/bondedpairs,Cats with Other Animals
/r/MyHatIsACat,Cats with People
/r/CatsClimbingPeople,Cats with People
/r/catstouchingfaces,Cats with People
/r/CuddlyKitties,Cats with People
/r/CatHostage,Cats with People
/r/catsandkids,Cats with People
/r/girlswithhugepussies,Cats with People
/r/BeardedMenWithCats,Cats with People
/r/CatFistBump,Cats with People
/r/CatsEnjoyingPets,Cats with People
/r/catbongos,Cats with People
/r/FlippingOffCats,Cats with People
/r/Catsgivinghighfives,Cats with People
/r/CuteGuysWithCats,Cats with People
/r/ShoulderCats,Cats with People
/r/historicalcatlovers,Cats with People
/r/stremtch,Cats with People
/r/catchinscratches,Cats with People
/r/CatsInBusinessAttire,Cats Wearing Things
/r/CatsBeingLobsters,Cats Wearing Things
/r/CatsOnLeashes,Cats Wearing Things
/r/Babushkats,Cats Wearing Things
/r/CatsInPants,Cats Wearing Things
/r/catsinleis,Cats Wearing Things
/r/CatsWearingMakeup,Cats Wearing Things
/r/InbreadCats,Cats Wearing Things
/r/CatsInHats,Cats Wearing Things
/r/CatsInCostumes,Cats Wearing Things
/r/catswithcrowns,Cats Wearing Things
/r/catsinpajamas,Cats Wearing Things
/r/CatsInSweaters,Cats Wearing Things
/r/CatsWithTrumpHair,Cats Wearing Things
/r/StuffOnCats,Cats Wearing Things
/r/CatsWithWigs,Cats Wearing Things
/r/CatsInClothes,Cats Wearing Things
/r/CatsWearingPasta,Cats Wearing Things
/r/CatsWearingBowties,Cats Wearing Things
/r/CatsAndMonocle,Cats Wearing Things
/r/KittiesWithCones,Cats Wearing Things
/r/NorwegianForestCats,Cat breeds and colorations
/r/BlackCats,Cat breeds and colorations
/r/Torties,Cat breeds and colorations
/r/CalicoKittys,Cat breeds and colorations
/r/MunchkinCats,Cat breeds and colorations
/r/RussianBlue,Cat breeds and colorations
/r/BengalCats,Cat breeds and colorations
/r/Savannah_Cats,Cat breeds and colorations
/r/DevonRex,Cat breeds and colorations
/r/OrangeCats,Cat breeds and colorations
/r/TabbyCats,Cat breeds and colorations
/r/CatsNamedToothless,Cat breeds and colorations
/r/Vorties,Cat breeds and colorations
/r/orientalshorthair,Cat breeds and colorations
/r/standardissuecat,Cat breeds and colorations
/r/SavannahCats,Cat breeds and colorations
/r/Kitler,Cat breeds and colorations
/r/ronperlmancats,Cat breeds and colorations
/r/Singapura,Cat breeds and colorations
/r/MaineCoons,Cat breeds and colorations
/r/GingerKitty,Cat breeds and colorations
/r/Torbie,Cat breeds and colorations
/r/tortico,Cat breeds and colorations
/r/Sphynx,Cat breeds and colorations
/r/ScottishFold,Cat breeds and colorations
/r/BritishShortHair,Cat breeds and colorations
/r/Nebelung,Cat breeds and colorations
/r/ExoticShorthair,Cat breeds and colorations
/r/LynxPointSiamese,Cat breeds and colorations
/r/TwoFacedCats,Cat breeds and colorations
/r/housepanther,Cat breeds and colorations
/r/turkishvan,Cat breeds and colorations
/r/SphynxCats,Cat breeds and colorations
/r/watercolorcats,Cat breeds and colorations
/r/batcats,Cat breeds and colorations
/r/greybies,Cat breeds and colorations
/r/fruitbatcats,Cat breeds and colorations
/r/Ragdolls,Cat breeds and colorations
/r/PicsOfHarlequinCats,Cat breeds and colorations
/r/tortimese,Cat breeds and colorations
/r/Manx,Cat breeds and colorations
/r/PersianCats,Cat breeds and colorations
/r/SiameseCats,Cat breeds and colorations
/r/americancurl,Cat breeds and colorations
/r/SiberianCats,Cat breeds and colorations
/r/TuxedoCats,Cat breeds and colorations
/r/BurmeseCats,Cat breeds and colorations
/r/gingercats,Cat breeds and colorations
/r/CornishRex,Cat breeds and colorations
/r/Fruitbatcats,Cat breeds and colorations
/r/flamepoints,Cat breeds and colorations
/r/piebaldcats,Cat breeds and colorations
/r/Munchkins,Cat breeds and colorations
/r/kylorencats,Cat breeds and colorations
/r/WhiteCatsWithBlueEyes,Cat breeds and colorations
/r/AmurLeopard,Wild cats
/r/CougarPhotos,Wild cats
/r/Lions,Wild cats
/r/TigerPics,Wild cats
/r/Cheetahs,Wild cats
/r/BabyBigCatGifs,Wild cats
/r/Felidae,Wild cats
/r/Lynxes,Wild cats
/r/Manuls,Wild cats
/r/SandCats,Wild cats
/r/BigCats,Wild cats
/r/LeopardPhotos,Wild cats
/r/CloudedLeopards,Wild cats
/r/SnowLeopards,Wild cats
/r/Leopards,Wild cats
/r/CatCare,Cat care and advice
/r/RenalCats,Cat care and advice
/r/MyNewCat,Cat care and advice
/r/CatTraining,Cat care and advice
/r/FelineBehavior,Cat care and advice
/r/CatAdvice,Cat care and advice
/r/CatQuestions,Cat care and advice
/r/CatPeopleTwitter,Living Life as a Cat
/r/existentialcrisiscat,Living Life as a Cat
/r/FWCP,Living Life as a Cat
/r/KittyProblems,Living Life as a Cat
/r/Meow_Irl,Living Life as a Cat
/r/legalcatadvice,Living Life as a Cat
/r/RedditForCats,Living Life as a Cat
/r/CatWorldProblems,Living Life as a Cat
/r/catsgonewild,Living Life as a Cat
/r/CatLifeProTips,Living Life as a Cat
/r/CatLords,Living Life as a Cat
/r/ELICat,Living Life as a Cat
/r/CatSelfies,Living Life as a Cat
/r/Pusheen,"Cat Comics, Games, and Art"
/r/CatDrawings,"Cat Comics, Games, and Art"
/r/WarriorCats,"Cat Comics, Games, and Art"
/r/KittensGame,"Cat Comics, Games, and Art"
/r/Doraemon,"Cat Comics, Games, and Art"
/r/StormCats,"Cat Comics, Games, and Art"
/r/FelixTheCat,"Cat Comics, Games, and Art"
/r/Simonscat,"Cat Comics, Games, and Art"
/r/BusinessCat,"Cat Comics, Games, and Art"
/r/Nekoatsume,"Cat Comics, Games, and Art"
/r/BattleCats,"Cat Comics, Games, and Art"
/r/CatMemes,"Cat Comics, Games, and Art"
/r/VGCats,"Cat Comics, Games, and Art"
/r/ExplodingKittens,"Cat Comics, Games, and Art"
/r/CatlateralDamage,"Cat Comics, Games, and Art"
/r/LOLCats,"Cat Comics, Games, and Art"
/r/BattleCatsCheats,"Cat Comics, Games, and Art"
/r/SpaceCats,"Cat Comics, Games, and Art"
/r/HelloKitty,"Cat Comics, Games, and Art"
/r/Gary_The_Cat,Specific Cats
/r/316cats,Specific Cats
/r/iwoulddiefornoodle,Specific Cats
/r/kn0thingsKarma,Specific Cats
/r/Myrtle,Specific Cats
/r/FloorTheCat,Specific Cats
/r/TardCat,Specific Cats
/r/MayaTheCat,Specific Cats
/r/ShedsALotAndNoTail,Specific Cats
/r/PrincessPancake,Specific Cats
/r/Catduch,Specific Cats
/r/LilBUB,Specific Cats
/r/PrincessDaisy,Specific Cats
/r/Hermy,Specific Cats
/r/ColonelMeow,Specific Cats
/r/MyCatBiscuit,Specific Cats
/r/Daniellescat,Specific Cats
/r/Chickpea,Specific Cats
/r/Maru,Specific Cats
/r/CupcakeCaturday,Specific Cats
/r/GrumpyCat,Specific Cats
/r/Hawnk,Specific Cats
/r/Reg,Specific Cats
/r/iDraw_On_Cats,Specific Cats
/r/SosAndTheTiny,Specific Cats
/r/RoxieTheMoggie,Specific Cats
/r/SquishyAndBetty,Specific Cats
/r/CatFacts,Misc
/r/CatsForPeasants,Misc
/r/RescueCats,Misc
/r/likethatbutcat,Misc
/r/RapCats,Misc
/r/Catopus,Misc
/r/CatsOnTheirBacks,Misc
/r/CuteKitties,Misc
/r/CatHamming,Misc
/r/CatBaths,Misc
/r/CatsAndTurtles,Misc
/r/BonsaiKittens,Misc
/r/OddlyCatisfying,Misc
/r/catsplayingchess,Misc
/r/catsareundead,Misc
/r/WashMyCat,Misc
/r/catsonfans,Misc
/r/CatProfiles,Misc
/r/CatHappened,Misc
/r/CatsBeingCreepy,Misc
/r/CatReject,Misc
/r/MildlyBaffledCats,Misc
/r/CatGarages,Misc
/r/Cattes,Misc
/r/ArCATtecture,Misc
/r/HeroicCats,Misc
/r/CatFanciers,Misc
/r/Kitting,Misc
/r/thedawnpatrol,Misc
/r/OpenMouthCats,Misc
/r/FlyingCats,Misc
/r/FunnyCatGifs,Misc
/r/Catlympics,Misc
/r/CatsPlotting,Misc
/r/SkateboardCats,Misc
/r/MildlyCautiousCats,Misc
/r/WeirdLookingCats,Misc
/r/ShitMyCatSays,Misc
/r/CatMath,Misc
/r/KittensBeingKittens,Misc
/r/CatsPointedAtThings,Misc
/r/Catvia,Misc
/r/CatsDoingStandup,Misc
/r/FunnyCat,Misc
/r/CatShaming,Misc
/r/KittenMittons,Misc
/r/KittyPooFace,Misc
/r/oldschoolcat,Misc
/r/CatNews,Misc
/r/NyanCat,Misc
/r/Meow,Misc
/r/CatsThinkTheyrePeople,Misc
/r/CatsOfTiktok,Misc
/r/SelfDrivingCats,Misc
/r/CatsTurningHeads,Misc
/r/CatsWithCaptions,Misc
/r/CatsInWindows,Misc
/r/FridgeCat,Misc
/r/CatsDoingHumanThings,Misc
/r/CatDeathStare,Misc
/r/FloppyCats,Misc
/r/ShakeThatPawdy,Misc
/r/Nameneko,Misc
/r/FancyCats,Misc
/r/CatsAndKnitting,Misc
/r/Jazzcat,Misc
/r/FindACat,Misc
/r/CatSnake,Misc
/r/BoulevardCats,Misc
/r/IntenseKittens,Misc
/r/CatGuns,Misc